Activity ID,Activity Date,Activity Name,Activity Type,Elapsed Time,Distance,Commute,Activity Gear,Filename,Elapsed Time2,Moving Time,Distance3,Max Speed,Average Speed,Elevation Gain,Elevation Loss,Elevation Low,Elevation High,Max Grade,Average Grade,Average Watts,Calories,Perceived Exertion,Perceived Relative Effort,From Upload,Grade Adjusted Distance,Weather Observation Time,Weather Condition,Weather Temperature,Apparent Temperature,Dewpoint,Humidity,Weather Pressure,Wind Speed,Wind Gust,Wind Bearing,Precipitation Intensity,Sunrise Time,Sunset Time,Moon Phase,Precipitation Probability,Precipitation Type,Cloud Cover,Weather Visibility,UV Index,Weather Ozone
int,string,string,string,int,float,bool,string,string,int,int,float,float,float,float,float,float,float,float,float,float,float,int,int,int,float,int,int,float,float,float,float,float,float,float,int,float,int,int,float,float,int,float,int,int,float
2042163489,"29 Dec 2018, 12:30:14",Moor from home,Ride,5986,23.84,FALSE,Roscoe 8,activities/2042163489.gpx,5986,5614,23846.30078,12.89999962,,410.5739441,410.973999,104.0999985,430,18.20000076,-0.001677409,136.7533569,856.0204468,,,,,,,,,,,,,,,,,,,,,,,,
2048180381,"1 Jan 2019, 11:37:27",Whinlatter North,Ride,2570,9.12,FALSE,Roscoe 8,activities/2048180381.gpx,2570,2554,9125,10.10000038,,257.3247681,,309.3999939,497.2000122,34.70000076,0.090958901,,,,,,,,,,,,,,,,,,,,,,,,,,
2048450902,"1 Jan 2019, 13:51:00",Whinlatter South,Ride,2155,7.34,FALSE,Roscoe 8,activities/2048450902.gpx,2155,2103,7342.600098,10.60000038,,182.6496277,,314.8999939,488.7000122,20.79999924,-0.004085746,,,,,,,,,,,,,,,,,,,,,,,,,,
2073657490,"12 Jan 2019, 12:37:03",Gisburn,Ride,7823,19.11,FALSE,Roscoe 8,activities/2073657490.gpx,7823,6115,19115.09961,11.80000019,,481.7988892,,223.8999939,345.3999939,19.89999962,0.002092587,109.9573746,749.7141113,,,,,,,,,,,,,,,,,,,,,,,,
2091712897,"20 Jan 2019, 12:13:04",Moor from home,Ride,6421,23.86,FALSE,Roscoe 8,activities/2091712897.gpx,6421,5420,23863.30078,12.39999962,,409.4331665,410.0329895,104.0999985,430,22.79999924,-0.002514321,140.3328247,848.0744019,,,,,,,,,,,,,,,,,,,,,,,,
2121382821,"3 Feb 2019, 11:18:14",Moor from home ,Ride,5464,23.79,FALSE,Roscoe 8,activities/2121382821.gpx,5464,5287,23794.30078,12.19999981,,409.5399475,410.0400085,104.0999985,430,17.70000076,-0.002101344,139.9781342,825.1710205,,,,,,,,,,,,,,,,,,,,,,,,
2136878790,"10 Feb 2019, 12:11:02",Moor from home,Ride,5611,23.83,FALSE,Roscoe 8,activities/2136878790.gpx,5611,5391,23837.59961,12.89999962,,409.5762939,410.0759888,104.0999985,430,17.79999924,-0.002097527,140.2736511,843.1821289,,,,,,,,,,,,,,,,,,,,,,,,
2237268237,"24 Mar 2019, 10:07:51",Whinlatter north and south with dad,Ride,9620,18.15,FALSE,Roscoe 8,activities/2237268237.gpx,9620,6545,18158.09961,12.10000038,,460.2235107,,309.3999939,497.2000122,34,0.00330431,94.03924561,686.2678223,,,,,,,,,,,,,,,,,,,,,,,,
2268831998,"6 Apr 2019, 11:10:28",Down the Moor,Ride,3512,16.4,FALSE,Roscoe 8,activities/2268831998.gpx,3512,3198,16400.5,12.19999981,,168.5513,374.2510071,104.0999985,430,15.5,-1.254230022,144.5030823,515.2644653,,,,,,,,,,,,,,,,,,,,,,,,
2299549793,"18 Apr 2019, 14:28:24",Moor from home,Ride,4836,23.85,FALSE,Roscoe 8,activities/2299549793.gpx,4836,4717,23851.5,12.5,,409.9025574,410.4030151,104.0999985,430,18,-0.002096304,171.1810608,900.3187866,,,,,,,,,,,,,,,,,,,,,,,,
2301815518,"19 Apr 2019, 12:41:01",Return from gisburn,Ride,2076,10.53,FALSE,Roscoe 8,activities/2301815518.gpx,2076,2032,10538.7998,14.39999962,,135.3162384,,122.4000015,264.3999939,11,-0.742968857,130.8777161,296.5270081,,,,,,,,,,,,,,,,,,,,,,,,
2310400315,"22 Apr 2019, 14:50:46",Down the Moor,Ride,3124,16.23,FALSE,Roscoe 8,activities/2310400315.gpx,3124,2869,16229.5,12.39999962,,168.0754852,369.375,104.0999985,430,15.89999962,-1.240333915,157.8914642,505.0830383,,,,,,,,,,,,,,,,,,,,,,,,
2338514956,"3 May 2019, 11:34:07",Moor from home,Ride,5211,23.83,FALSE,Roscoe 8,activities/2338514956.gpx,,5031,23835.5,12.60000038,,408.8851929,410.8850098,104.0999985,430,17.5,-0.008390846,151.9774323,852.5248413,,,,,,,,,,,,,,,,,,,,,,,,
2358505999,"11 May 2019, 10:38:13",Moor from Home,Ride,5141,23.84,FALSE,Roscoe 8,activities/2358505999.gpx,,4882,23844,13.5,,409.8504944,410.0499878,104.0999985,430,18.20000076,-0.000838785,157.0790863,855.0485229,,,,,,,,,,,,,,,,,,,,,,,,
2360911171,"12 May 2019, 08:35:37",Going to Gisburn ,Ride,2843,12.65,FALSE,Roscoe 8,activities/2360911171.gpx,,2824,12656.2002,14.30000019,,234.6766052,,122.4000015,264.3999939,14.39999962,0.613928378,139.4620361,439.1324463,,,,,,,,,,,,,,,,,,,,,,,,
2361625573,"12 May 2019, 09:36:16",Laps round Gisburn ,Ride,10839,23.19,FALSE,Roscoe 8,activities/2361625573.gpx,,8558,23195,13.10000038,,549.5994263,,185.6999969,345.3999939,26.39999962,-0.003880147,93.70429993,894.142395,,,,,,,,,,,,,,,,,,,,,,,,
2362027896,"12 May 2019, 13:02:27",Hope this will be fun,Ride,3100,8.16,FALSE,Roscoe 8,activities/2362027896.gpx,,2378,8160,11.10000038,,173.1487274,,222.6999969,311.7000122,22.5,-0.085784316,109.8683395,291.3126221,,,,,,,,,,,,,,,,,,,,,,,,
2362027931,"12 May 2019, 13:58:14",Return from Gisburn,Ride,2533,12.74,FALSE,Roscoe 8,activities/2362027931.gpx,,2474,12743.2002,14.10000038,,158.072876,,122.4000015,264.3999939,13.5,-0.610521674,160.4479065,442.597168,,,,,,,,,,,,,,,,,,,,,,,,
2367240957,"14 May 2019, 15:41:26",Moor from Home,Ride,4581,23.84,FALSE,Roscoe 8,activities/2367240957.gpx,,4512,23847.5,12.89999962,,409.4336243,410.0339966,104.0999985,430,18.10000038,-0.002515987,177.3782959,892.3674316,,,,,,,,,,,,,,,,,,,,,,,,
2375191938,"17 May 2019, 15:51:31",Moor from home,Ride,4611,23.82,FALSE,Roscoe 8,activities/2375191938.gpx,,4571,23820.40039,13.10000038,,409.5773926,410.0769958,104.0999985,430,17.89999962,-0.002099041,171.7429962,875.3165283,,,,,,,,,,,,,,,,,,,,,,,,
2380086266,"19 May 2019, 11:34:36",Moor from home,Ride,4627,23.83,FALSE,Roscoe 8,activities/2380086266.gpx,,4500,23832,13.10000038,,409.4593506,409.8590088,104.0999985,430,16.89999962,-0.001678416,177.1512909,888.8551636,,,,,,,,,,,,,,,,,,,,,,,,
2409301247,"30 May 2019, 09:18:04",Morning Ride,Ride,17579,35.14,FALSE,Roscoe 8,activities/2409301247.gpx,,12983,35141.19922,12.69999981,,819.8484497,,122.4000015,345.3999939,26.70000076,0.235620871,94.38206482,1366.279053,,,,,,,,,,,,,,,,,,,,,,,,
2409307477,"30 May 2019, 14:41:16",Return from Gisburn,Ride,2100,12.87,FALSE,Roscoe 8,,,2100,,,,,,,,,0,,,,,,,,,,,,,,,,,,,,,,,,,,
2425953163,"5 Jun 2019, 15:24:21",Afternoon Ride,Ride,4616,23.82,FALSE,Roscoe 8,activities/2425953163.gpx,,4578,23821.59961,12.80000019,,409.5515747,409.9519958,104.0999985,430,17.79999924,-0.001679148,168.7528687,861.3946533,,,,,,,,,,,,,,,,,,,,,,,,
2473808159,"23 Jun 2019, 11:46:43",Lunch Ride,Ride,2360,12.96,FALSE,Roscoe 8,activities/2473808159.gpx,2360,2296,12961,14.19999981,,158.0365295,,122.4000015,264.3999939,11,-0.655813575,154.7349701,396.1277161,,,,,,,,,,,,,,,,,,,,,,,,
2473808379,"23 Jun 2019, 10:19:53",Fuck bearings ,Ride,5022,20.34,FALSE,Roscoe 8,activities/2473808379.gpx,5022,4587,20348.69922,15.30000019,,395.9366455,,122.4000015,267,14.19999981,0.401499838,147.0285339,751.9782104,,,,,,,,,,,,,,,,,,,,,,,,
2506201474,"5 Jul 2019, 11:58:44",Lunch Ride,Ride,6676,24.03,FALSE,Roscoe 8,activities/2506201474.gpx,6676,5488,24033.5,14.39999962,,344.779541,,122.4000015,345.3999939,23.89999962,-0.682796955,126.9994278,777.1247559,,,,,,,,,,,,,,,,,,,,,,,,
2506201509,"5 Jul 2019, 09:34:06",Morning Ride,Ride,8210,24.56,FALSE,Roscoe 8,activities/2506201509.gpx,8210,6682,24563.90039,13.39999962,,531.1312256,,122.4000015,311.7000122,21.70000076,0.646070063,123.9562531,923.5274048,,,,,,,,,,,,,,,,,,,,,,,,
2531224643,"14 Jul 2019, 08:49:31",Missed the train,Ride,12819,42.08,FALSE,Roscoe 8,activities/2531224643.gpx,12819,11421,42084,15.89999962,,792.1300659,,112.6999969,436.2999878,22.39999962,0,116.7270508,1486.450684,,,,,,,,,,,,,,,,,,,,,,,,
2550741870,"21 Jul 2019, 08:34:48",Gisburn,Ride,15228,45.08,FALSE,Roscoe 8,activities/2550741870.gpx,15228,11611,45084.5,13.69999981,,894.1694946,,122.4000015,345.3999939,22.10000038,-0.004879726,126.9843063,1643.972534,,,,,,,,,,,,,,,,,,,,,,,,
2595497380,"6 Aug 2019, 11:05:29",Resin > Sintered,Ride,5212,23.8,FALSE,Roscoe 8,activities/2595497380.gpx,5212,5007,23807.5,13.5,,409.5301514,410.0299988,104.0999985,430,16.89999962,-0.002100179,153.7976074,858.6242676,,,,,,,,,,,,,,,,,,,,,,,,
2610523136,"11 Aug 2019, 15:19:57",Walkers > open gate,Ride,5451,23.81,FALSE,Roscoe 8,activities/2610523136.gpx,5451,5232,23816.59961,11.80000019,,409.598999,410.098999,104.0999985,430,17.70000076,-0.002099376,142.8605957,833.4053345,,,,,,,,,,,,,,,,,,,,,,,,
2626903276,"17 Aug 2019, 13:10:17",Afternoon Ride,Ride,5202,23.81,FALSE,Roscoe 8,activities/2626903276.gpx,5202,5076,23813.30078,12.5,,409.4373474,409.9370117,104.0999985,430,18.10000038,-0.002099667,145.9275665,825.9145508,,,,,,,,,,,,,,,,,,,,,,,,
2635845518,"20 Aug 2019, 12:10:51",Afternoon Ride,Ride,17746,42.11,FALSE,Roscoe 8,activities/2635845518.gpx,17746,11703,42114.80078,13.89999962,,704.2525024,,38.59999847,452,27.5,-0.037279055,115.2296295,1503.613647,,,,,,,,,,,,,,,,,,,,,,,,
2647196777,"24 Aug 2019, 09:25:31",Morning Ride,Ride,18966,50.25,FALSE,Roscoe 8,activities/2647196777.gpx,18966,15457,50253.69922,13.80000019,,1164.113159,,139,521.0999756,26.29999924,0.00019899,110.8036575,1909.651733,,,,,,,,,,,,,,,,,,,,,,,,
2687870348,"7 Sep 2019, 08:53:38",Clapham to Dentdale,Ride,23886,55.85,FALSE,Roscoe 8,activities/2687870348.gpx,23886,18682,55853.69922,15,,1458.32019,,129.6000061,539.5,25,0.321912438,109.1875916,2274.424561,,,,,,,,,,,,,,,,,,,,,,,,
2727785769,"21 Sep 2019, 08:17:45",Gisburn 2 Laps,Ride,21124,62.68,FALSE,Roscoe 8,activities/2727785769.gpx,21124,17222,62683.10156,14.30000019,,1188.635132,,122.4000015,346,19.70000076,-0.003190653,117.7091064,2260.312744,7,550,,,,,,,,,,,,,,,,,,,,,,
2803798380,"20 Oct 2019, 09:18:48",Horton to Bainbridge and back,Ride,21171,62.7,FALSE,Roscoe 8,activities/2803798380.gpx,21171,17799,62703.89844,16.29999924,,1296.421875,,213.8999939,588.9000244,22.70000076,0.000797399,115.6698837,2295.571289,,,,,,,,,,,,,,,,,,,,,,,,
2821175886,"27 Oct 2019, 09:34:07",Gisburn,Ride,14860,47.48,FALSE,Roscoe 8,activities/2821175886.gpx,14860,12958,47487.80078,14.89999962,,906.5914917,,122.4000015,346,19.39999962,-0.005685671,113.3502426,1637.703613,,,,,,,,,,,,,,,,,,,,,,,,
3220621471,"26 Mar 2020, 15:11:41",Lockdown cycle #1,Ride,5976,20.31,FALSE,Roscoe 8,activities/3220621471.gpx,5976,5076,20316.30078,11.60000038,4.002423286,393.541687,393.5419922,138.8000031,430.3999939,32.79999924,0,157.4849091,891.3241577,4,56,1,,1585234816,1,11.93000031,11.93000031,-0.029999999,0.439999998,1025.699951,2.769999981,4.300000191,86,0,1585202048,1585247616,0.07,0,,0,16093,2,356.6000061
3253214169,"4 Apr 2020, 10:22:17",Lockdown cycle #2,Ride,5131,20.31,FALSE,Roscoe 8,activities/3253214169.gpx,5131,4836,20314.30078,12.89999962,4.200641155,393.8529358,393.8529968,138.8000031,430.3999939,33,0,156.5774231,844.2850952,5,87,1,,1585994368,3,8.869999886,6.349999905,4.46999979,0.74000001,1018.099976,4.590000153,8.5,213,0,1585978368,1586026240,0.370000005,0,,0.889999986,16093,2,306.2000122
3275095009,"9 Apr 2020, 11:06:00",Lockdown cycle #3,Ride,4885,20.26,FALSE,Roscoe 8,activities/3275095009.gpx,4885,4643,20266,11.60000038,4.364850521,392.7217407,392.7219849,138.8000031,430.3999939,32.5,0,163.1079254,844.401123,5,83,1,,1586429952,3,11.64999962,11.64999962,8.020000458,0.779999971,1027.900024,4.150000095,5.480000019,71,0,1586409600,1586458752,0.569999993,0,,1,16093,3,316.7999878
3289750562,"12 Apr 2020, 14:19:51",Lockdown cycle #4,Ride,4370,20.25,FALSE,Roscoe 8,activities/3289750562.gpx,4370,4287,20251.40039,11.10000038,4.723909378,365.2428894,365.2430115,139.3000031,430.6000061,23.29999924,0,171.308136,818.8530884,6,113,1,,1586700032,3,14.36999989,14.36999989,8.899999619,0.699999988,1014,5.28000021,5.829999924,58,0,1586668416,1586718336,0.680000007,0,,1,16093,2,352.7999878
3297245993,"14 Apr 2020, 10:59:42",Lockdown cycle #5,Ride,4168,19.6,FALSE,Roscoe 8,activities/3297245993.gpx,4168,3979,19600.59961,12.5,4.926011562,348.7557068,348.756012,139.3000031,430.6000061,22.70000076,0,168.2673798,746.5308228,8,171,1,,1586858368,1,7.019999981,5.039999962,0.050000001,0.610000014,1029.5,2.839999914,4.119999886,269,0,1586840960,1586891392,0.75,0,,0.02,16093,4,319.7000122
3311455980,"17 Apr 2020, 11:52:11",Lockdown cycle #6,Ride,4522,20.21,FALSE,Roscoe 8,activities/3311455980.gpx,4522,4425,20216.69922,12.10000038,4.568745613,365.3460693,365.3460083,139.3000031,430.6000061,26,0,168.156189,829.6607056,5,79,1,,1587121152,2,10.36999989,10.36999989,4.429999828,0.670000017,1020.900024,7.039999962,9.479999542,85,0,1587099776,1587150848,0.839999974,0,,0.709999979,16093,3,357.6000061
3345084880,"24 Apr 2020, 10:00:13",RIP Tyre,Ride,3010,11.85,FALSE,Roscoe 8,activities/3345084880.gpx,3010,2957,11850,11,4.00744009,328.3118286,192.6119995,139.3000031,430.6000061,22.60000038,1.145147681,181.3735962,598.000061,5,53,1,,1587722368,1,12.97999954,12.97999954,2.869999886,0.5,1018.099976,2.380000114,2.900000095,88,0,1587703552,1587756544,0.050000001,0,,0.230000004,16093,4,340.6000061
3406734831,"6 May 2020, 10:27:16",Lockdown cycle #7,Ride,4347,20.3,FALSE,Roscoe 8,activities/3406734831.gpx,4347,4259,20302.19922,12.10000038,4.766893864,365.2849426,365.2850037,139.3000031,430.6000061,22.89999962,0,166.0498199,788.5357666,6,112,1,,1588759168,1,9.68999958,8.06000042,1.649999976,0.569999993,1028,3.130000114,3.180000067,126,0,1588738944,1588794624,0.479999989,0,,0.239999995,16093,4,341.5
3418131816,"8 May 2020, 10:38:53",Lockdown cycle #8,Ride,4037,20.24,FALSE,Roscoe 8,activities/3418131816.gpx,4037,3999,20239.69922,13.10000038,5.061190128,365.2975464,365.2980042,139.3000031,430.6000061,23.89999962,0,175.0097809,780.3494873,8,172,1,,1588931968,3,15.93000031,15.93000031,9.630000114,0.660000026,1018.5,2.700000048,3.890000105,269,0,1588911488,1588967680,0.550000012,0,,0.99000001,16093,3,366.8999939
3444839539,"13 May 2020, 14:02:22",Lockdown cycle #9,Ride,4208,20.28,FALSE,Roscoe 8,activities/3444839539.gpx,4208,4134,20281.09961,12.5,4.905926228,365.2652588,365.3649902,139.3000031,430.6000061,23.29999924,-0.00049307,173.363327,799.1011353,7,132,1,,1589378432,3,9.079999924,6.369999886,-0.330000013,0.519999981,1021,5.199999809,6.710000038,43,0,1589342976,1589400064,0.730000019,0,,0.939999998,16093,3,365.1000061
3482665998,"20 May 2020, 10:30:49",Lunch Ride,Ride,15745,50.39,FALSE,Roscoe 8,activities/3482665998.gpx,15745,13015,50389.69922,13.89999962,3.87166357,1119.457764,1119.459961,108.4000015,432.3999939,25.5,0,154.9083099,2247.982178,9,650,1,,1589968768,3,19.19000053,19.19000053,13.36999989,0.689999998,1021.099976,2.980000019,4.650000095,178,0,1589947136,1590005632,0.939999998,0,,0.959999979,16093,3,331.7999878
3617856862,"15 Jun 2020, 10:06:44",Lunch Ride,Ride,4525,20.25,FALSE,Roscoe 8,activities/3617856862.gpx,4525,4413,20249.90039,12.69999981,4.588692665,385.9415283,385.9419861,139.1000061,432.3999939,27.10000038,0,172.4187012,848.3868408,4,49,1,,1592215168,3,18.20999908,18.25,15.19999981,0.829999983,1016.900024,1.799999952,1.799999952,108,0,1592192256,1592253824,0.829999983,0,,0.99000001,16093,3,326.1000061
3740587242,"10 Jul 2020, 10:01:41",Lunch Ride,Ride,5459,20.37,FALSE,Roscoe 8,activities/3740587242.gpx,5459,4949,20377.5,14.39999962,4.117498398,386.0143738,386.0140076,139.1000061,432.3999939,21.70000076,0,130.3326416,719.1950684,5,89,1,,1594375168,2,14.43000031,14.43000031,8.829999924,0.689999998,1016.099976,4.579999924,6.489999771,304,0,1594353024,1594413440,0.680000007,0,,0.529999971,15914,4,369.1000061
3786590191,"19 Jul 2020, 16:02:40",Afternoon Ride,Ride,667,3.82,FALSE,Roscoe 8,activities/3786590191.gpx,667,661,3820.5,12.19999981,5.779879093,57.67325592,57.6733017,139.1000061,191,9.899999619,0,183.100769,134.9481812,7,21,1,,1595174400,3,14.47000027,14.47000027,8.18999958,0.660000026,1020.299988,5.730000019,7.519999981,295,0,1595131392,1595190528,0.970000029,0,,0.980000019,16093,2,352.7000122
3789522511,"20 Jul 2020, 09:43:20",Morning Ride,Ride,2160,9.32,FALSE,Roscoe 8,activities/3789522511.gpx,2160,1827,9319.599609,13.39999962,5.101039886,198.8186493,198.8190002,139.1000061,313.5,23.10000038,0,178.2980957,363.2117615,,,1,,1595235584,1,13.69999981,13.69999981,8.18999958,0.689999998,1023.5,4.550000191,6.46999979,291,0,1595217792,1595276800,0,0,,0.270000011,16093,3,336.3999939
3807508512,"24 Jul 2020, 09:30:39",Morning Ride,Ride,5509,29.66,FALSE,Carrera Zelos,activities/3807508512.gpx,5509,5078,29663.09961,17.20000076,5.841492653,520.715271,520.7150269,138.8999939,313.6000061,22.39999962,0,124.7946014,706.5855713,4,56,1,,1595581184,2,13.56000042,13.56000042,12.14000034,0.910000026,1012,2.549999952,2.690000057,262,0,1595563904,1595622016,0.150000006,0,,0.800000012,16093,3,326.2000122
3857724743,"3 Aug 2020, 08:23:07",Morning Ride,Ride,13246,62.32,FALSE,Roscoe 8,activities/3857724743.gpx,13246,11839,62324.60156,16,5.2643466,1181.710449,1181.709961,138.8999939,417.8999939,24.29999924,0,177.1309814,2338.215088,7,378,1,,1596441600,1,13.30000019,13.30000019,8.699999809,0.74000001,1016.5,2.529999971,2.640000105,279,0,1596428800,1596484992,0.50999999,0,,0.150000006,16093,2,335.6000061
3935151851,"19 Aug 2020, 09:49:20",Morning Ride,Ride,4505,20.27,FALSE,Roscoe 8,activities/3935151851.gpx,4505,4434,20270.59961,12.19999981,4.571628094,386.2080078,386.2080078,139.1000061,432.3999939,21.70000076,0,168.4438629,832.7719727,5,80,1,,1597827584,3,17.90999985,18.12999916,16.39999962,0.910000026,1004.5,2.539999962,4.230000019,115,0,1597812992,1597865344,0.029999999,0,,0.939999998,16093,2,301.1000061
3994756368,"1 Sep 2020, 08:15:27",Morning Ride,Ride,1263,4.51,FALSE,Carrera Zelos,activities/3994756368.gpx,1263,938,4515.700195,12.5,4.814178944,59.83029175,59.83029938,139.1000061,192.3999939,10.5,0,110.7958908,115.878212,,,1,,1598947200,2,11.65999985,11.65999985,8.960000038,0.829999983,1021.200012,1.279999971,2.25999999,161,0,1598937600,1598986752,0.49000001,0,,0.330000013,16093,1,303.5
4006364709,"3 Sep 2020, 15:25:13",Afternoon Ride,Ride,5629,35.06,FALSE,Carrera Zelos,activities/4006364709.gpx,5629,5511,35064.10156,13.5,6.362565994,526.5841675,526.5839844,108,220.1999969,15.69999981,0,125.9447403,773.9024048,5,99,1,,1599145216,2,15.25,15.25,12.77000046,0.850000024,1011.5,8.819999695,13.64000034,258,0,1599110528,1599159296,0.550000012,0,,0.75999999,16093,2,300
4034421063,"9 Sep 2020, 08:20:52",Morning Ride,Ride,16053,80.85,FALSE,Carrera Zelos,activities/4034421063.gpx,16053,14841,80858.29688,15,5.448305607,1343.095459,1343.099976,108,446.7000122,30.89999962,0,109.9030304,1818.643555,7,474,1,,1599638400,2,13.28999996,13.28999996,10.43999958,0.829999983,1021.299988,5.25,9.479999542,272,0,1599629568,1599676800,0.730000019,0,,0.50999999,16093,1,281
4076824388,"18 Sep 2020, 09:07:40",Morning Ride,Ride,4759,20.26,FALSE,Roscoe 8,activities/4076824388.gpx,4759,4594,20259.40039,12.69999981,4.40996933,385.9837646,385.9840088,139.1000061,432.3999939,24,0,160.7438354,823.3806152,4,51,1,,1600419584,2,10.14000034,10.14000034,9.510000229,0.959999979,1028.699951,4.71999979,7.710000038,72,0,1600408192,1600453120,0.050000001,0,,0.379999995,16093,2,270.2000122
4123302680,"28 Sep 2020, 10:44:13",Lunch Ride,Ride,5290,25.7,FALSE,Carrera Zelos,activities/4123302680.gpx,5290,4844,25706.30078,16.39999962,5.306833267,376.9440918,377.743988,8,161.6000061,25.5,-0.003112077,109.2582703,590.1104736,4,53,1,,1601287168,2,11.71000004,11.71000004,8.829999924,0.829999983,1014.400024,2.50999999,5.889999866,247,0,1601273344,1601315712,0.409999996,0,,0.389999986,16093,2,274.2999878
4159456688,"6 Oct 2020, 16:45:28",First Strava run,Run,1086,3.34,FALSE,,activities/4159456688.gpx,1086,1070,3346.899902,5.099999905,3.127943993,31.99063492,23.3906002,76.40000153,96.19999695,11.89999962,0.256954193,,267.446228,7,34,1,3403.399902,1602000000,3,13.35999966,13.35999966,10.56999969,0.829999983,999.2999878,8.170000076,14.36999989,252,0,1601965312,1602005888,0.649999976,0,,0.939999998,16093,0,296.2999878
4167156186,"8 Oct 2020, 10:17:21",Lunch Ride,Ride,5308,25.89,FALSE,Carrera Zelos,activities/4167156186.gpx,5308,4900,25894,14.5,5.284489632,415.7089844,415.7090149,31.29999924,149.1999969,29.89999962,0,114.5815277,626.0161743,4,54,1,,1602151168,3,15.68000031,15.68000031,13.35999966,0.860000014,1009.599976,6.150000095,10.22000027,169,0,1602138240,1602178432,0.709999979,0,,1,16093,2,264.2999878
4246220919,"26 Oct 2020, 15:08:56",Afternoon Run,Run,1018,2.92,FALSE,,activities/4246220919.gpx,1018,970,2920.899902,10.5,3.011237144,24.28007507,15.38010025,76.5,96.19999695,33.29999924,0.304700613,,233.7187958,7,30,1,2974.199951,1603724416,2,12.10000038,12.10000038,7.210000038,0.720000029,998.5,6.079999924,8,269,0,1603695360,1603731328,0.360000014,0,,0.469999999,16093,0,306.2999878
4257988675,"29 Oct 2020, 11:09:58",Lunch Run,Run,1553,4.72,FALSE,,activities/4257988675.gpx,1553,1511,4724.700195,5.400000095,3.126869678,37.56918716,28.76919937,76.59999847,96.19999695,10.39999962,0.186255217,,375.7558899,6,39,1,4781.700195,1603969152,5,12.25,12.25,11.85000038,0.970000029,1011.5,8.760000229,15.44999981,220,0.064300001,1603954816,1603990144,0.449999988,0.25999999,5,1,16093,1,273.1000061
4289193445,"5 Nov 2020, 10:48:04",Morning Ride,Ride,5853,34.91,FALSE,Carrera Zelos,activities/4289193445.gpx,5853,5853,34909.69922,14.60000038,5.964411259,516.7191772,516.7189941,109.1999969,221,14.80000019,0,111.5018921,727.6726685,5,105,1,,1604570368,3,7.880000114,6,7.230000019,0.959999979,1037.599976,2.960000038,5.480000019,270,0,1604560768,1604593664,0.660000026,0,,0.970000029,16093,1,273.8999939
4312672968,"9 Nov 2020, 10:57:47",Morning Ride,Ride,11022,55.59,FALSE,Carrera Zelos,activities/4312672968.gpx,11022,10376,55593.60156,15.5,5.357903004,1063.963257,1063.959961,101.0999985,343.6000061,22.5,0,119.0663986,1377.503174,6,273,1,,1604915968,2,10.02999973,10.02999973,7.5,0.839999974,1019.299988,1.320000052,1.75999999,124,0,1604906880,1604938752,0.800000012,0,,0.839999974,16093,0,292
4356511743,"18 Nov 2020, 16:04:35",Afternoon Run,Run,4398,12.07,FALSE,,activities/4356511743.gpx,4398,4239,12078.90039,5.199999809,2.849469185,72.10887146,63.40890121,76.69999695,96.30000305,9.300000191,0.072026424,,955.5579834,8,182,1,12160,1605715200,3,10.51000023,10.51000023,6.980000019,0.790000021,1013.700012,9.319999695,15.13000011,263,0,1605684992,1605716224,0.140000001,0,,0.920000017,16093,0,248.8000031
4369086509,"21 Nov 2020, 12:48:04",Lunch Run,Run,2173,6.4,FALSE,,activities/4369086509.gpx,2173,2131,6405.899902,12.19999981,3.006053448,43.17422867,38.77420044,76.59999847,96.19999695,13.5,0.068686679,,507.7580566,5,38,1,6461.5,1605959936,3,11.21000004,11.21000004,10.30000019,0.939999998,1026.5,6.730000019,11.42000008,235,0,1605944448,1605975296,0.239999995,0,,0.99000001,16093,1,276
4389257752,"25 Nov 2020, 14:02:26",Afternoon Run,Run,7982,21.36,FALSE,,activities/4389257752.gpx,7982,7684,21360.30078,5,2.779841185,108.8805161,115.1809998,77.19999695,96.19999695,8.5,-0.029493967,,1683.966675,8,330,1,21429.40039,1606312832,2,8.699999809,6.929999828,5.300000191,0.790000021,1014,3.029999971,4.090000153,336,0,1606290432,1606320640,0.360000014,0,,0.479999989,16093,0,291
4399833829,"28 Nov 2020, 00:53:50",Drunk run,Run,2250,6.25,FALSE,,activities/4399833829.gpx,2250,2246,6258.200195,4.699999809,2.786375761,39.77983475,33.67979813,78.09999847,96.30000305,9.899999619,0.097472116,,495.8135986,3,18,1,6309.5,1606521600,2,4.619999886,1.549999952,2.589999914,0.870000005,1015.299988,3.730000019,7.630000114,74,0,1606549888,1606579712,0.449999988,0,,0.720000029,16093,0,287.2999878
4438516605,"6 Dec 2020, 16:01:05",Afternoon Run,Run,1545,4.63,FALSE,,activities/4438516605.gpx,1545,1536,4635.899902,5.900000095,3.018164158,34.22013092,22.02009964,69.90000153,96.19999695,22.10000038,0.263163567,,370.0744019,7,49,1,4709.399902,1607270400,3,5.179999828,5.179999828,2.619999886,0.839999974,1002.599976,1.029999971,1.899999976,12,0,1607241728,1607270656,0.709999979,0,,0.899999976,16093,0,271.7000122
4475093059,"15 Dec 2020, 09:26:52",Double Puncture,Ride,15640,64.97,FALSE,Carrera Zelos,activities/4475093059.gpx,15640,12111,64973.19922,14.39999962,5.364809036,1034.06311,1034.060059,109.1999969,343.6000061,19.20000076,0,107.2055435,1447.68457,4,134,1,,1608022784,2,6.059999943,3.210000038,6.03000021,1,1000.5,3.900000095,11.47999954,196,0,1608020480,1608047232,0.039999999,0,,0.620000005,16093,0,272.3999939
4504253669,"22 Dec 2020, 13:32:22",Afternoon Run,Run,4565,10.89,FALSE,,activities/4504253669.gpx,4565,3902,10891.7002,5.900000095,2.791312218,321.4719849,321.7720032,139.1999969,432.3999939,26.10000038,-0.002754391,,953.7270508,7,124,1,12136.7002,1608642048,3,6.429999828,4.409999847,4.550000191,0.879999995,1012.299988,2.730000019,5.880000114,350,0,1608625664,1608652160,0.280000001,0,,0.889999986,16093,0,286
4511453355,"24 Dec 2020, 08:57:51",Morning Ride,Ride,7077,34.89,FALSE,Carrera Zelos,activities/4511453355.gpx,7077,5912,34893.5,13,5.902148247,516.8051147,516.8049927,109.1999969,221,14.30000019,0,111.855957,737.3413086,,,1,,1608796800,1,0.270000011,-3.410000086,-1.679999948,0.870000005,1022.299988,3.279999971,11.02000046,326,0,1608798464,1608825088,0.340000004,0,,0.01,16093,0,315.2000122
4547525956,"1 Jan 2021, 09:25:36",Morning Ride,Ride,2099,9.92,FALSE,Carrera Zelos,activities/4547525956.gpx,2099,1770,9920.299805,10.39999962,5.604689121,113.6527786,113.6529999,139.1999969,218.6999969,10.80000019,0,96.02326965,189.5067902,3,14,1,,1609491584,2,0.670000017,-3.00999999,0.670000017,1,1012.400024,3.380000114,5.78000021,329,0,1609489664,1609516672,0.589999974,0,,0.769999981,3106,0,335.3999939
4575902319,"6 Jan 2021, 10:11:11",Morning Ride,Ride,6365,34.97,FALSE,Carrera Zelos,activities/4575902319.gpx,6365,6305,34979,12.19999981,5.547819138,516.9689941,516.9689941,109.1999969,221,13.89999962,0,107.460495,755.4518433,4,70,1,,1609927168,3,1.090000033,-0.870000005,0.660000026,0.970000029,1024.400024,1.75,6.489999771,357,0,1609921536,1609949056,0.769999981,0,,0.920000017,3420,0,288.7000122
4608089588,"12 Jan 2021, 10:23:28",Morning Run,Run,7184,19.33,FALSE,,activities/4608089588.gpx,7184,6907,19330.19922,5.099999905,2.798639059,43.83668518,68.03669739,104.9000015,158.6000061,25.60000038,-0.125192702,,1523.619995,7,220,1,19388.90039,1610445568,1,-0.01,-1.960000038,-3.359999895,0.779999971,1014.200012,1.620000005,2.869999886,332,0,1610439680,1610467968,0.99000001,0,,0.129999995,16093,0,262.2000122
4657642925,"21 Jan 2021, 14:36:16",Afternoon Ride,Ride,6437,36.42,FALSE,Carrera Zelos,activities/4657642925.gpx,6437,6355,36422.80078,12.10000038,5.731360912,573.2294922,573.2290039,109.1999969,221,14.60000038,0,106.6092453,755.4127197,4,70,1,,1611237632,5,3.680000067,-1.590000033,1.830000043,0.879999995,979,8.159999847,15.27999973,260,0.189999998,1611216768,1611246592,0.280000001,1,5,0.779999971,8362,0,355.1000061
4700065096,"29 Jan 2021, 12:54:07",Lunch Ride,Ride,8549,47.08,FALSE,Carrera Zelos,activities/4700065096.gpx,8549,7916,47083.30078,14.39999962,5.947865009,652.1184692,652.117981,93,216.6000061,23,0,115.1805801,1016.626648,5,142,1,,1611921664,2,7.230000019,4.119999886,5.639999866,0.899999976,995,4.989999771,8.520000458,271,0,1611907200,1611938688,0.540000021,0,,0.790000021,13391,1,365.1000061
4711652505,"31 Jan 2021, 14:11:58",Afternoon Ride,Ride,828,4.18,FALSE,Carrera Zelos,activities/4711652505.gpx,828,730,4182.700195,11.69999981,5.729725838,39.22148895,39.2215004,139.1999969,165.1000061,9.5,0,101.6896057,82.77057648,1,1,1,,1612101632,3,1.889999986,-3.019999981,-1.429999948,0.790000021,999,5.909999847,11.27999973,117,0,1612079872,1612111616,0.610000014,0,,0.980000019,16093,0,342.8999939
4717518256,"1 Feb 2021, 14:52:33",Forgot to turn Strava off,Run,4250,10.95,FALSE,,activities/4717518256.gpx,4250,3878,10951.5,12.19999981,2.824007273,324.0604248,323.6600037,139.1999969,432.3999939,32.29999924,0.003652468,,957.1060791,8,175,1,12179.7002,1612188032,2,3.25,-0.239999995,1.529999971,0.879999995,999.5,3.930000067,7.980000019,93,0,1612166144,1612198144,0.639999986,0,,0.550000012,12339,0,349.2999878
4728095862,"3 Feb 2021, 14:05:36",Afternoon Ride,Ride,7928,47.34,FALSE,Carrera Zelos,activities/4728095862.gpx,7928,7702,47343.10156,13,6.146857738,672.0348511,672.0349731,109.1999969,221,15.30000019,0,116.1860886,997.7739868,6,203,1,,1612360832,3,3.880000114,2.269999981,3.880000114,1,993.5,1.809999943,2.460000038,331,0,1612338688,1612371200,0.720000029,0,,0.99000001,4822,0,362.8999939
4754121083,"8 Feb 2021, 09:46:10",Morning Run,Run,1102,3.17,FALSE,,activities/4754121083.gpx,1102,933,3178.600098,5.5,3.406859636,42.17986298,42.2798996,139.1999969,176.8999939,10.39999962,-0.003146039,,256.4054565,8,40,1,3262.899902,1612774784,2,-0.959999979,-7.460000038,-3.319999933,0.839999974,1010.400024,7.730000019,14.67000008,62,0,1612770176,1612803840,0.899999976,0,,0.860000014,2153,0,366.1000061
4763984615,"10 Feb 2021, 08:52:42",Morning Run,Run,1301,4.03,FALSE,,activities/4763984615.gpx,1301,1182,4029.300049,5.099999905,3.408883333,62.42974854,62.42969894,133.3000031,180.1999969,23.89999962,0,,332.4571838,6,31,1,4230.700195,1612944000,2,-3.299999952,-7.130000114,-6.869999886,0.75999999,1017.099976,2.670000076,7.349999905,30,0,1612942720,1612976896,0.970000029,0,,0.430000007,16093,0,370.8999939
4770569239,"11 Feb 2021, 11:12:18",Lunch Ride,Ride,13416,74.55,FALSE,Carrera Zelos,activities/4770569239.gpx,13416,12417,74551.20313,12.30000019,6.003962517,911.7905884,911.8909912,109.1999969,260.5,14.80000019,-0.000134136,108.7927551,1506.234131,7,396,1,,1613041152,1,-1.789999962,-7.610000134,-4.320000172,0.829999983,1027.900024,5.789999962,13.14999962,108,0,1613028992,1613063424,0,0,,0.25,16093,1,349.2999878
4795095274,"16 Feb 2021, 08:52:58",Morning Ride,Ride,5528,34.93,FALSE,Carrera Zelos,activities/4795095274.gpx,5528,5376,34934.80078,12.80000019,6.498288631,516.7200317,516.8200073,109.1999969,221,13.89999962,-0.000286248,127.377449,763.5283203,8,231,1,,1613462400,3,7.730000019,4.840000153,7.489999771,0.980000019,1003.5,4.789999962,10.32999992,208,0,1613460352,1613496064,0.159999996,0,,1,16093,0,398
4825382590,"21 Feb 2021, 10:42:36",First Gran Fondo!,Ride,18705,101.46,FALSE,Carrera Zelos,activities/4825382590.gpx,18705,17184,101459.1016,13.5,5.904277325,1349.465454,1349.569946,92,354.3999939,22.89999962,-9.86E-05,107.5405197,2060.502686,7,548,1,,1613901568,3,8.06000042,6.039999962,6.579999924,0.899999976,1006.400024,3.230000019,9.119999886,206,0,1613891712,1613928704,0.310000002,0,,0.949999988,16093,1,332
4918888933,"9 Mar 2021, 15:31:39",Afternoon Ride,Ride,5740,34.15,FALSE,Carrera Zelos,activities/4918888933.gpx,5740,5577,34153.60156,12.60000038,6.124009132,590.6917725,590.6920166,109.1999969,268.2000122,17.39999962,0,125.1869812,778.4570923,6,147,1,,1615302016,2,8.25,5.510000229,5.360000134,0.819999993,1015.700012,4.730000019,8.359999657,228,0,1615271936,1615312896,0.879999995,0,,0.839999974,16093,1,350.6000061
5038297107,"30 Mar 2021, 16:04:34",Afternoon Run,Run,1885,5.15,FALSE,,activities/5038297107.gpx,1885,1833,5151.799805,6.699999809,2.81058383,39.57940674,24.07939911,69.90000153,96.09999847,17.89999962,0.30086571,,411.7464905,9,91,1,5239.700195,1617120000,1,19.28000069,19.28000069,8.479999542,0.5,1024.800049,3.089999914,5.300000191,155,0,1617083392,1617129600,0.579999983,0,,0.289999992,16093,1,345.7000122
5049705317,"1 Apr 2021, 13:01:06",Afternoon Ride,Ride,4771,20.79,FALSE,Carrera Zelos,activities/5049705317.gpx,4771,4456,20795.40039,12.10000038,4.666831017,288.2941589,283.993988,64.5,148.3999939,32.09999847,0.02067765,84.00511169,417.3743591,2,21,1,,1617282048,2,12.84000015,12.84000015,6.539999962,0.649999976,1024.800049,6.610000134,9.56000042,58,0,1617255936,1617302656,0.660000026,0,,0.769999981,16093,3,346.2000122
5068839524,"4 Apr 2021, 13:05:47",Afternoon Ride,Ride,10230,55.35,FALSE,Carrera Zelos,activities/5068839524.gpx,10230,9480,55358.89844,13.60000038,5.839546204,655.0274048,650.7269897,4.400000095,161,36,0.007767495,105.2457047,1112.46814,7,302,1,,1617541248,1,11.81000042,11.81000042,4.860000134,0.620000005,1026,4.050000191,4.699999809,251,0,1617514752,1617562240,0.75999999,0,,0.25,16093,4,353.2000122
5074420295,"5 Apr 2021, 15:16:03",Afternoon Run,Run,1153,3.39,FALSE,,activities/5074420295.gpx,1153,1114,3390.800049,4.599999905,3.043806076,37.42055893,21.92055702,69.90000153,96.19999695,27.60000038,0.457119256,,272.9862671,,,1,3473.899902,1617634816,1,6.71999979,2.619999886,-5.860000134,0.400000006,1020.900024,7.309999943,10.31999969,357,0,1617601024,1617648640,0.800000012,0,,0.25,16093,2,395.2000122
5090996963,"8 Apr 2021, 12:32:36",I can go further than my phone can,Ride,10721,49.88,FALSE,Carrera Zelos,activities/5090996963.gpx,10721,9056,49879.89844,14.60000038,5.507939339,725.5394287,778.3389893,16.29999924,262.2000122,20.29999924,-0.105854265,108.0160751,1090.685791,6,238,1,,1617883136,3,10.01000023,10.01000023,4.110000134,0.670000017,1021.900024,6.190000057,7.269999981,253,0,1617859840,1617908224,0.899999976,0,,0.980000019,16093,3,337.3999939
5092547384,"8 Apr 2021, 18:10:00",rest of the ride,Ride,4500,25,FALSE,Carrera Zelos,,4500,4500,25000,,5.555555344,250,,,,,0,,,6,118,0,,,,,,,,,,,,,,,,,,,,,
5120078721,"13 Apr 2021, 15:40:10",Afternoon Run,Run,1045,3.37,FALSE,,activities/5120078721.gpx,1045,1034,3374.899902,7.900000095,3.263926506,37.60181808,21.30179977,69.09999847,96.30000305,17.60000038,0.482977271,,272.1375732,6,27,1,3463.100098,1618326016,2,11.65999985,11.65999985,5.110000134,0.639999986,1032,2.039999962,2.880000114,289,0,1618291200,1618340608,0.050000001,0,,0.75999999,16093,2,420.5
5126472149,"14 Apr 2021, 16:33:14",Afternoon Run,Run,1146,3.68,FALSE,,activities/5126472149.gpx,1146,1081,3685.699951,5.900000095,3.409528255,35.4654007,19.9654007,69.90000153,96.19999695,29.70000076,0.420544267,,295.3192749,6,28,1,3758.100098,1618416000,2,12.82999992,12.82999992,4.090000153,0.550000012,1031.699951,3.549999952,3.869999886,43,0,1618377472,1618427136,0.079999998,0,,0.560000002,16093,1,415
5131510763,"15 Apr 2021, 14:40:01",Afternoon Run,Run,1511,4.78,FALSE,,activities/5131510763.gpx,1511,1452,4782.600098,5.599999905,3.293801546,31.74175453,37.04180145,69.19999695,96.19999695,10,-0.110818386,,378.9463196,9,72,1,4822.299805,1618495232,2,10.68000031,10.68000031,0.730000019,0.5,1033,3.339999914,4.590000153,62,0,1618463744,1618513664,0.109999999,0,,0.819999993,16093,2,418.5
5148673286,"18 Apr 2021, 07:55:26",Morning Ride,Ride,17768,96.03,FALSE,Carrera Zelos,activities/5148673286.gpx,17768,15825,96030.79688,16.10000038,6.068296909,1097.924683,1097.420044,6.400000095,254.6000061,18.10000038,0.000520666,110.8052139,1955.144165,5,285,1,,1618729216,3,4.090000153,4.090000153,-0.07,0.74000001,1026.300049,1.00999999,1.080000043,53,0,1618722560,1618773120,0.200000003,0,,1,16093,0,364.3999939
5167224524,"21 Apr 2021, 12:32:53",First MTB in 8 months & first club ride,Ride,12987,27.81,FALSE,Roscoe 8,activities/5167224524.gpx,12987,8064,27810.80078,11.10000038,3.448760033,579.7435303,579.7440186,68.09999847,150.6999969,37.79999924,0,151.3363495,1360.716431,4,89,1,,1619006464,2,14.88000011,14.88000011,6.710000038,0.579999983,1020.599976,6.190000057,7.730000019,65,0,1618981376,1619032704,0.300000012,0,,0.720000029,16093,3,374.6000061
5190177453,"25 Apr 2021, 08:37:36",Tour de burrito ,Ride,13113,65.69,FALSE,Carrera Zelos,activities/5190177453.gpx,13113,10469,65690.70313,14.30000019,6.274782658,710.4065552,750.2069702,4.699999809,197.1999969,21.29999924,-0.060586963,109.9848022,1283.845459,4,116,1,,1619337600,2,6.340000153,2.49000001,0.239999995,0.649999976,1029.599976,6.28000021,10.73999977,68,0,1619326464,1619378688,0.449999988,0,,0.5,16093,2,315.7000122
5246125842,"5 May 2021, 12:38:51",Afternoon Ride,Ride,6391,15.85,FALSE,Roscoe 8,activities/5246125842.gpx,6391,4201,15854.59961,12.10000038,3.774006128,358.3050537,360.2050476,9.199999809,110.3000031,30.29999924,-0.011983904,152,711.9854736,,,1,,1620216064,2,8.909999847,5.909999847,3,0.660000026,1009.400024,5.840000153,6.5,289,0,1620189312,1620243712,0.819999993,0,,0.810000002,16093,3,382
5266704795,"9 May 2021, 08:46:00",Morning Ride,Ride,6111,16.91,FALSE,Roscoe 8,activities/5266704795.gpx,6111,3950,16912.59961,10.5,4.281671047,227.3441772,227.3441772,68.09999847,147,23.10000038,0,129.7822723,571.5935669,,,1,,1620547200,3,12.19999981,12.19999981,10.43000031,0.889999986,995.2999878,6.659999847,13.10999966,197,0,1620534528,1620589696,0.939999998,0,,1,16093,2,335.1000061
5297136304,"14 May 2021, 12:49:37",Afternoon Ride,Ride,22971,109.86,FALSE,Carrera Zelos,activities/5297136304.gpx,22971,19908,109866.5,15.19999981,5.51871109,1586.219971,1588.819946,21.5,189.1999969,25.79999924,-0.002366508,106.6428909,2367.199463,7,635,1,,1620993536,2,11.80000019,11.80000019,9.039999962,0.829999983,1010.299988,1.470000029,2.00999999,38,0,1620966016,1621022080,0.090000004,0,,0.860000014,16093,3,404.8999939
5312529824,"17 May 2021, 09:20:09",Morning Ride,Ride,20397,31.13,FALSE,Roscoe 8,activities/5312529824.gpx,20397,11403,31131.80078,13.89999962,2.730141163,1114.405396,1110.810059,223.8999939,499.7999878,49.20000076,0.011563739,156.2683258,1986.845215,5,205,1,,1621241984,2,8.56000042,6,8.039999962,0.970000029,1005.099976,4.480000019,7.610000134,300,0,1621225088,1621281792,0.189999998,0,,0.74000001,16093,2,393.6000061
5362484525,"26 May 2021, 16:47:26",Babysitting Harry,Ride,4590,16.56,FALSE,Carrera Zelos,activities/5362484525.gpx,4590,3411,16566.80078,12.30000019,4.856874943,148.7046661,147.9049988,9.100000381,97,23.29999924,0.004828935,89.33354187,339.7591248,3,28,1,,1622044800,2,14.94999981,14.94999981,8.449999809,0.649999976,1016.099976,3.809999943,3.809999943,299,0,1622001920,1622059904,0.50999999,0,,0.680000007,16093,2,388.8999939
5395421474,"1 Jun 2021, 16:23:19",Afternoon Ride,Ride,1836,6.1,FALSE,Carrera Zelos,activities/5395421474.gpx,1836,941,6102.100098,12.69999981,6.484697342,38.65909195,38.65909195,68.30000305,96.19999695,29.60000038,0,122.4236908,128.4487762,7,30,1,,1622563200,2,23.40999985,23.40999985,11.02000046,0.460000008,1012.700012,5.079999924,8,111,0,1622520064,1622578688,0.730000019,0,,0.870000005,16093,2,319.2999878
5407373680,"3 Jun 2021, 16:11:31",Afternoon Run,Run,1470,4.32,FALSE,,activities/5407373680.gpx,1470,1371,4321.799805,8,3.152297497,66.24520111,66.04520416,133.3000031,180.1999969,21,0.004627701,,354.4837341,,,1,4511,1622736000,2,19.45000076,19.45000076,14.18000031,0.720000029,1017.299988,3.49000001,5.519999981,165,0,1622691712,1622752384,0.800000012,0,,0.810000002,14234,2,334.5
5412583188,"4 Jun 2021, 14:37:59",Afternoon Ride,Ride,4232,20.27,FALSE,Roscoe 8,activities/5412583188.gpx,4232,4017,20276,11,5.047547817,381.0766602,381.177002,139.1999969,432.3999939,21.79999924,-0.000493194,183.7749023,823.1199341,4,44,1,,1622815232,2,17.79000092,17.79000092,8.149999619,0.529999971,1024.300049,2.359999895,3.849999905,331,0,1622778112,1622838784,0.829999983,0,,0.569999993,16093,4,362.1000061
5413749667,"4 Jun 2021, 19:39:07",Evening Run,Run,1318,3.68,FALSE,,activities/5413749667.gpx,1318,1213,3685.100098,5.699999809,3.038004875,62.21368408,61.71368408,133.3000031,180.1999969,23.20000076,0.013568153,,304.6155396,,,1,3876.399902,1622833152,2,17.25,17.25,10.10000038,0.629999995,1024,1.389999986,1.470000029,341,0,1622778112,1622838784,0.829999983,0,,0.330000013,16093,0,357.2999878
5424818753,"6 Jun 2021, 14:41:18",Stuck behind a JCB :(,Ride,3969,20.29,FALSE,Roscoe 8,activities/5424818753.gpx,3969,3862,20294,11.5,5.254790306,380.9884338,380.9880066,139.1999969,432.3999939,23.20000076,0,192.4528351,828.7276611,4,42,1,,1622988032,2,18.09000015,18.09000015,11.94999981,0.670000017,1024,2.210000038,3.109999895,245,0,1622950784,1623011712,0.889999986,0,,0.829999983,16093,4,355.7999878
5429300270,"7 Jun 2021, 09:25:49",Morning Ride,Ride,17039,44.59,FALSE,Roscoe 8,activities/5429300270.gpx,17039,13258,44592.30078,14.30000019,3.36342597,1086.04834,1087.550049,139.6999969,523.5,37.59999847,-0.00336381,140.3650055,2074.969482,6,349,1,,1623056384,3,17.05999947,17.05999947,13.97000027,0.819999993,1022.5,2.50999999,3.410000086,168,0,1623037184,1623098368,0.920000017,0,,1,16093,3,336
5441280050,"9 Jun 2021, 14:50:43",Afternoon Ride,Ride,4020,20.24,FALSE,Roscoe 8,activities/5441280050.gpx,4020,3857,20247.09961,12.80000019,5.249442577,380.8766479,380.8766479,139.1999969,432.3999939,23.10000038,0,189.579422,815.2967529,,,1,,1623247232,2,21.43000031,21.43000031,13.46000004,0.600000024,1018.200012,4.690000057,7.400000095,233,0,1623209856,1623271168,0.980000019,0,,0.779999971,13510,4,327.3999939
5446497841,"10 Jun 2021, 09:19:18",A very chill lap of Gisburn ,Ride,17973,46.18,FALSE,Roscoe 8,activities/5446497841.gpx,17973,12028,46182.80078,12.69999981,3.839607477,879.227478,883.727478,124.9000015,348,26.10000038,-0.009743887,137.7433777,1847.306885,4,133,1,,1623315584,3,16.96999931,16.96999931,14.15999985,0.839999974,1018.400024,3.99000001,8.489999771,231,0,1623296384,1623357696,0.01,0,,0.980000019,16093,3,317.2000122
5457504253,"12 Jun 2021, 09:36:38",Horton to Bainbridge,Ride,18516,62.9,FALSE,Roscoe 8,activities/5457504253.gpx,18516,15146,62899.69922,12.80000019,4.152891636,1315.376831,1316.780029,216.3999939,591.4000244,26.10000038,-0.002225766,145.8660889,2463.354492,5,273,1,,1623488384,2,12.46000004,12.46000004,7.920000076,0.74000001,1022.900024,4.610000134,6.670000076,277,0,1623469056,1623530624,0.07,0,,0.74000001,16093,3,314.2000122
5473994751,"15 Jun 2021, 09:42:46",Morning Ride,Ride,16110,53.45,FALSE,Roscoe 8,activities/5473994751.gpx,16110,13710,53452.39844,13.89999962,3.898789167,1220.531372,1397.931396,116.5,545.0999756,35.79999924,-0.331884056,149.3032532,2282.346436,5,247,1,,1623747584,2,12.56000042,12.56000042,8.75,0.779999971,1022.200012,2.460000038,3.24000001,234,0,1623728256,1623789952,0.170000002,0,,0.870000005,16093,3,310.2000122
5480960192,"16 Jun 2021, 17:21:30",Post bottomless brunch ride,Ride,1738,9.68,FALSE,Carrera Zelos,activities/5480960192.gpx,1738,1556,9679.799805,13,6.22095108,121.8905563,118.1910019,68.09999847,111.1999969,17,0.03822393,130.121048,225.752121,7,49,1,,1623862784,2,21.61000061,21.61000061,13.77999973,0.610000014,1008.599976,3.269999981,4.010000229,207,0,1623815680,1623875456,0.200000003,0,,0.769999981,16093,2,331.7999878
5486721550,"17 Jun 2021, 18:27:49",Evening Run,Run,1355,4.58,FALSE,,activities/5486721550.gpx,1355,1327,4587.200195,6.199999809,3.456820011,35.71190643,20.21190453,69.90000153,96.19999695,17.39999962,0.337896764,,366.8053894,7,42,1,4667.799805,1623952768,3,18.81999969,18.81999969,12.17000008,0.649999976,1013.200012,3.5,7.059999943,13,0,1623902080,1623961856,0.239999995,0,,1,16093,1,336
5490307682,"18 Jun 2021, 13:21:13",Afternoon Run,Run,1329,4.55,FALSE,,activities/5490307682.gpx,1329,1292,4550.299805,5.699999809,3.521903992,32.92351151,21.2234993,73.90000153,96.19999695,9.300000191,0.257125914,,362.6876831,,,1,4615.399902,1624021248,5,15.38000011,15.38000011,11.27999973,0.769999981,1015,6.019999981,9.649999619,28,0.124399997,1623988480,1624048384,0.270000011,1,5,1,16093,4,331.7000122
5506244197,"21 Jun 2021, 08:40:17",BPW with the Bike Shop Lads,Ride,24423,33.48,FALSE,Roscoe 8,activities/5506244197.gpx,24423,12117,33481,11.19999981,2.763142586,1177.060181,1177.76001,240.3000031,499.6000061,43.40000153,-0.002090738,153.0446625,2067.70752,4,134,1,,1624262400,3,12.10000038,12.10000038,8.819999695,0.800000012,1011.099976,5.360000134,10.32999992,68,0,1624247808,1624307840,0.389999986,0,,0.920000017,16093,2,342
5517405952,"23 Jun 2021, 14:43:25",100th Cycle on Strava,Ride,8203,47.47,FALSE,Carrera Zelos,activities/5517405952.gpx,8203,6875,47477.30078,14.5,6.905788898,542.1764526,541.5759888,5.800000191,161,17.89999962,0.001263762,133.0724945,1020.083862,9,343,1,,1624456832,2,19.77000046,19.77000046,9.140000343,0.5,1023.799988,2.710000038,3.319999933,255,0,1624420480,1624480384,0.460000008,0,,0.610000014,16093,5,339.2999878
5523598033,"24 Jun 2021, 19:14:01",Evening Run,Run,1349,4.34,FALSE,,activities/5523598033.gpx,1349,1314,4346.200195,5.400000095,3.307610273,35.14294815,14.74294853,69.90000153,97,14.69999981,0.469375551,,349.2187195,,,1,4444,1624561152,5,18.60000038,18.60000038,13.82999992,0.74000001,1019.700012,4.829999924,6.880000114,246,0.266600013,1624506880,1624566784,0.5,1,5,0.800000012,16093,0,327.5
5543449340,"28 Jun 2021, 15:37:34",Afternoon Ride,Ride,2949,18.04,FALSE,Carrera Zelos,activities/5543449340.gpx,2949,2729,18045.59961,14,6.612532139,254.9014893,252.1014862,26.29999924,150.5,16.20000076,0.015516248,146.3841705,445.4228821,7,87,1,,1624892416,3,17.54000092,17.80999947,16.57999992,0.939999998,1015.700012,3.859999895,5.019999981,22,0,1624852608,1624912384,0.649999976,0,,1,16093,3,342.2999878
5553533688,"30 Jun 2021, 13:23:10",Finishing the Everest Month Challenge,Ride,8709,48.62,FALSE,Carrera Zelos,activities/5553533688.gpx,8709,7560,48623.80078,16.70000076,6.43171978,867.2658081,868.1660156,15.19999981,161,21.70000076,-0.001850945,142.2120819,1198.762573,7,241,1,,1625058048,3,20.07999992,20.12000084,15.63000011,0.75999999,1017.5,2.529999971,4.139999866,357,0,1625025536,1625085184,0.720000029,0,,0.980000019,16093,4,336.7000122
5583942465,"6 Jul 2021, 12:41:35",FTP Test 211W,Ride,1200,0,FALSE,,,1200,1200,0,,0,,,,,,0,,,10,73,0,,,,,,,,,,,,,,,,,,,,,
5621265348,"13 Jul 2021, 10:05:32",Ingleborough ,Hike,20074,14.53,FALSE,,activities/5621265348.gpx,20074,13948,14534.09961,6.400000095,1.042020321,549.4035034,616.2034912,157.1999969,724.2000122,50,-0.459608793,,1142.119751,2,65,1,,1626170368,2,17.68000031,17.71999931,15.14000034,0.850000024,1016.299988,2.640000105,3.619999886,327,0,1626148480,1626208640,0.119999997,0,,0.870000005,16093,3,328.2000122
5705472328,"29 Jul 2021, 10:00:08",Afternoon Swim,Swim,3300,"1300",FALSE,,,3300,3300,1300,,0.393939376,,,,,,0,,,7,105,0,,,,,,,,,,,,,,,,,,,,,
5722435836,"1 Aug 2021, 16:08:51",Afternoon Run,Run,1307,4.18,FALSE,,activities/5722435836.gpx,1307,1256,4182,6.800000191,3.329617739,65.1835556,65.08355713,133.3000031,180.1999969,20,0.0023912,,343.3565063,8,54,1,4369.399902,1627833600,2,15.89000034,15.89000034,12.64000034,0.810000002,1013.099976,2.160000086,3.579999924,34,0,1627791744,1627848448,0.790000021,0,,0.839999974,16093,2,341.2000122
5733092315,"3 Aug 2021, 16:54:11",Afternoon Run,Run,1822,6.06,FALSE,,activities/5733092315.gpx,1822,1773,6061.799805,6.199999809,3.418951035,29.95476151,30.55476189,77.90000153,97.5,4,-0.00989805,,477.5982666,6,46,1,6077.700195,1628006400,3,20.84000015,20.84000015,12.22999954,0.579999983,1012.099976,2.349999905,2.730000019,313,0,1627965568,1628020608,0.850000024,0,,0.99000001,16093,2,331.2000122
5776723865,"11 Aug 2021, 11:00:54",Evening Swim,Swim,1800,500,FALSE,,,1800,1800,500,,0.277777791,,,,,,0,,,4,20,0,,,,,,,,,,,,,,,,,,,,,
5779879614,"12 Aug 2021, 10:16:51",First ride after ankle sprain,Ride,1463,9.08,FALSE,Carrera Zelos,activities/5779879614.gpx,1463,1378,9079.5,11.30000019,6.588896751,54.54456329,55.14459991,75.30000305,97.40000153,11,-0.006608293,80.08808136,123.0529327,4,15,1,,1628762368,5,19.17000008,19.17000008,15.02000046,0.769999981,1017.900024,4.300000191,6.630000114,216,0.105099998,1628743936,1628797184,0.150000006,1,5,0.839999974,16093,3,321.7999878
5802087772,"16 Aug 2021, 14:12:09",Afternoon Run,Run,802,2.06,FALSE,,activities/5802087772.gpx,802,776,2062.199951,4.900000095,2.657474279,9.87142849,10.47142887,87,97.59999847,3.400000095,-0.029095141,,162.3741302,2,3,1,2066.300049,1629122432,2,19.90999985,19.90999985,10.84000015,0.560000002,1019.299988,6.380000114,8.819999695,305,0,1629090048,1629142272,0.289999992,0,,0.819999993,16093,3,319.5
5802160771,"16 Aug 2021, 11:00:57",Afternoon Swim,Swim,5100,"2000",FALSE,,,5100,5100,2000,,0.392156869,,,,,,0,,,6,134,0,,,,,,,,,,,,,,,,,,,,,
5802170494,"15 Aug 2021, 11:00:30",Afternoon Swim,Swim,2820,900,FALSE,,,2820,2820,900.0001221,,0.319148928,0,,,,,0,,,5,50,0,,,,,,,,,,,,,,,,,,,,,
5824914927,"20 Aug 2021, 18:31:15",Evening Run,Run,573,1.56,FALSE,,activities/5824914927.gpx,573,498,1567.5,5.800000191,3.147590399,25.46058464,23.76058388,55.09999847,77.80000305,15.19999981,0.108452953,,128.0730591,7,15,1,1629.800049,1629482368,3,19.12000084,19.17000008,15.52000046,0.800000012,1014.900024,3.819999933,7.309999943,212,0,1629435904,1629487488,0.439999998,0,,0.980000019,16093,0,308.6000061
5827237445,"20 Aug 2021, 11:30:48",Morning Swim,Swim,3960,"2000",FALSE,,,3960,3960,2000,,0.50505048,0,,,,,0,,,,,0,,,,,,,,,,,,,,,,,,,,,
5833739195,"22 Aug 2021, 09:23:06",Morning Ride,Ride,6227,40.51,FALSE,Carrera Zelos,activities/5833739195.gpx,6227,5847,40516.10156,14.89999962,6.929382801,495.6654358,496.1654358,5.300000191,161.3000031,14.69999981,-0.001234077,136.0579376,887.0167847,7,186,1,,1629622784,2,17.46999931,17.46999931,14.56000042,0.829999983,1018.5,2.99000001,3.24000001,312,0,1629608960,1629660032,0.50999999,0,,0.460000008,16093,2,320.5
5834204296,"22 Aug 2021, 11:14:38",Lunch Run,Run,4202,10.19,FALSE,,activities/5834204296.gpx,4202,3993,10197.7998,4.900000095,2.553919315,69.39099884,47.69100189,75.59999847,97.59999847,16.29999924,0.212790996,,810.2990112,9,199,1,10311.5,1629629952,2,19.94000053,19.96999931,15.61999989,0.75999999,1019.099976,2.920000076,3.029999971,304,0,1629608960,1629660032,0.50999999,0,,0.600000024,16093,4,320.7999878
5845036147,"24 Aug 2021, 13:01:42",Afternoon Ride,Ride,1964,9.03,FALSE,Carrera Zelos,activities/5845036147.gpx,1964,1839,9032.299805,14.80000019,4.911528111,119.5387802,120.3387833,68.09999847,111.3000031,20,-0.008857102,96.04193878,196.9325562,1,4,1,,1629810048,1,21.21999931,21.21999931,12.93000031,0.589999974,1029.5,5.519999981,7.900000095,64,0,1629781888,1629832576,0.579999983,0,,0.159999996,16093,5,304.8999939
5867475585,"28 Aug 2021, 14:19:15",Afternoon Ride,Ride,6387,39.03,FALSE,Carrera Zelos,activities/5867475585.gpx,6387,6160,39038.60156,16.5,6.337435246,648.9978638,649.197998,12.69999981,200.1000061,16.29999924,-0.000512313,134.4493713,923.4520264,6,162,1,,1630159232,2,21.12999916,21.12999916,12.34000015,0.569999993,1027.199951,4.059999943,5.110000134,40,0,1630128000,1630177664,0.709999979,0,,0.379999995,16093,4,308.2999878
5963583644,"15 Sep 2021, 08:31:31",Morning Ride,Ride,9328,26.04,FALSE,Roscoe 8,activities/5963583644.gpx,9328,7054,26042.40039,11.80000019,3.691862822,450.3548889,449.1548767,1.5,145.3999939,21.70000076,0.00460787,125.932724,990.4873047,,,1,,1631692800,2,26.29999924,28.18000031,22.29000092,0.790000021,1020.299988,1.909999967,2.450000048,253,0,1631681280,1631725952,0.319999993,0,,0.569999993,16093,3,294
6026318054,"27 Sep 2021, 08:11:32",Morning Run,Run,812,2.7,FALSE,,activities/6026318054.gpx,812,800,2700.699951,5.599999905,3.375874996,31.16374969,16.76375008,76.09999847,97.59999847,11.89999962,0.533195078,,218.3167114,,,1,2778.199951,1632729600,2,12.14999962,12.14999962,10.65999985,0.910000026,1005.5,6.980000019,12.61999989,232,0,1632722816,1632765568,0.709999979,0,,0.75,16093,1,296.1000061
6146525237,"21 Oct 2021, 17:04:16",Evening Run,Run,1523,4.73,FALSE,,activities/6146525237.gpx,1523,1490,4729.899902,7.166000366,3.174429417,71.89839172,57.19839096,55.29999924,97.59999847,30.17279434,0.31078881,,386.9695435,,,1,4924.399902,1634835584,1,10.43999958,10.43999958,5.96999979,0.74000001,1015.799988,3.180000067,4.900000095,332,0,1634798720,1634835968,0.540000021,0,,0.140000001,16093,0,291.2000122
6150709957,"22 Oct 2021, 16:09:18",Afternoon Run,Run,2117,6.69,FALSE,,activities/6150709957.gpx,2117,2030,6690.640137,5.704003811,3.295881748,53.9564209,32.25642014,75.40000153,97.59999847,12.73410606,0.324333698,,533.8080444,,,1,6793,1634918400,2,12.93999958,12.93999958,7.380000114,0.689999998,1022.5,4.590000153,7.349999905,290,0,1634885248,1634922240,0.569999993,0,,0.579999983,16093,0,269.5
6155464117,"23 Oct 2021, 14:03:38",Afternoon Ride,Ride,6466,32.64,FALSE,Carrera Zelos,activities/6155464117.gpx,6466,5784,32647.60938,14.68203163,5.644469261,511.7190247,512.0189819,13.30000019,141.8999939,16.51169014,-0.000918903,117.6180038,758.5372925,,,1,,1634997632,2,14.32999992,14.32999992,8.329999924,0.670000017,1022.5,5.949999809,8.350000381,204,0.0086,1634971776,1635008512,0.600000024,0.02,5,0.850000024,16093,1,262.1000061
6169302888,"26 Oct 2021, 14:23:13",Afternoon Run,Run,1136,3.62,FALSE,,activities/6169302888.gpx,1136,1101,3624.629883,5.187988281,3.292125225,41.20253754,19.40253639,75.40000153,97.59999847,14.04495335,0.601440728,,292.521759,,,1,3722.5,1635256832,3,17.82999992,17.82999992,13.40999985,0.75,1017.099976,6.46999979,11.82999992,238,0.0146,1635231360,1635267328,0.689999998,0.029999999,5,0.879999995,16093,1,248
6200907119,"2 Nov 2021, 09:59:28",Morning Ride,Ride,7304,35.81,FALSE,Carrera Zelos,activities/6200907119.gpx,7304,5768,35813.48047,12.87792969,6.208994389,614.3556519,614.3560181,108.8000031,268.1000061,20.41874313,0,134.8765717,867.4371338,,,1,,1635843584,3,7.130000114,5.230000019,6.900000095,0.980000019,995.2000122,2.75999999,6.5,238,0,1635837184,1635870720,0.920000017,0,,0.99000001,16093,0,350.2999878
6215736406,"5 Nov 2021, 16:36:56",Afternoon Run,Run,1788,5.62,FALSE,,activities/6215736406.gpx,1788,1679,5621.660156,5.988321781,3.348219156,51.85263443,30.15263367,75.40000153,97.59999847,13.07190609,0.386006981,,449.9373779,,,1,5725.700195,1636128000,2,11.31000042,11.31000042,7.789999962,0.790000021,1028.400024,2.859999895,3.940000057,267,0,1636096384,1636130304,0.039999999,0,,0.870000005,16093,0,259.8999939
6238991685,"10 Nov 2021, 13:40:56",Afternoon Ride,Ride,8903,49.41,FALSE,Carrera Zelos,activities/6238991685.gpx,8903,8092,49411.66016,14.421875,6.106235981,677.5151367,678.1149902,5,197.6000061,14.00607872,-0.001214288,116.9186707,1054.908081,,,1,,1636549248,3,13.71000004,13.72000027,13.55000019,0.99000001,1023,2.549999952,3.970000029,236,0,1636528896,1636561792,0.230000004,0,,0.99000001,16093,1,284.7999878
6399291870,"18 Dec 2021, 16:14:07",Afternoon Run,Run,937,2.8,FALSE,,activities/6399291870.gpx,937,873,2804.959961,6.608007908,3.213012457,28.57114029,27.87113953,75.40000153,97.5,11.86623001,0.024955792,,224.9176025,,,1,2862.199951,1639843200,2,7.929999828,5.760000229,6.78000021,0.920000017,1037.800049,3.440000057,7.489999771,72,0,1639815168,1639843456,0.49000001,0,,0.479999989,16093,0,317.5
6491917266,"8 Jan 2022, 15:35:31",Afternoon Run,Run,1380,4.2,FALSE,,,1380,1380,4200,,3.043478012,0,,,,,0,,330.0447083,7,44,0,,,,,,,,,,,,,,,,,,,,,
6507218260,"11 Jan 2022, 15:40:00",Grimwith Reservoir,Run,2400,6.85,FALSE,,,2400,2400,6850,,2.854166746,91,,,,,0,,538.2871704,6,63,0,,,,,,,,,,,,,,,,,,,,,
6534286863,"16 Jan 2022, 16:30:28",Afternoon run,Run,1620,5,FALSE,,,1620,1620,5000,,3.086419821,,,,,,0,,392.9103699,6,42,0,,,,,,,,,,,,,,,,,,,,,
6542670730,"18 Jan 2022, 11:41:54",It's been a while,Ride,3267,14.11,FALSE,Roscoe 8,activities/6542670730.gpx,3267,3065,14113.4502,10.68613243,4.604714394,185.8592072,186.7590027,68.19999695,147.3000031,13.67978096,-0.006376896,130.7140503,446.7118225,4,34,1,,1642503552,2,3.329999924,1.830000043,2.869999886,0.970000029,1037.699951,1.659999967,2.930000067,151,0,1642493184,1642523776,0.529999971,0,,0.670000017,16093,1,307
6553444991,"20 Jan 2022, 11:23:58",First time in the quantocks,Ride,7682,16.77,FALSE,Roscoe 8,activities/6553444991.gpx,7682,6152,16771.60938,14.91956997,2.726204395,606.0977173,605.9979858,111.6999969,303.2999878,49.22738647,0.000596246,152.0656586,1043.093628,5,111,1,,1642676352,1,4.800000191,1.850000024,0.589999974,0.74000001,1038.599976,3.599999905,5.53000021,19,0,1642665984,1642696960,0.589999974,0,,0.230000004,16093,1,285.7999878
6573782740,"24 Jan 2022, 11:12:13",Lunch Ride,Ride,4964,21.18,FALSE,Roscoe 8,activities/6573782740.gpx,4964,4522,21188.58008,11.69998741,4.685665607,279.0605774,279.2609863,68.19999695,147.3000031,14.593009,-0.000943905,138.9980927,700.8320923,4,50,1,,1643021952,2,3.039999962,0.720000029,1.379999995,0.889999986,1034,2.349999905,2.859999895,114,0,1643011200,1643042816,0.720000029,0,,0.680000007,16093,1,324
6579834735,"25 Jan 2022, 15:37:27",Afternoon Run,Run,2222,6.71,FALSE,,activities/6579834735.gpx,2222,2051,6717.290039,6.557999611,3.275129318,54.07845306,33.27845383,75.40000153,97.59999847,11.3821249,0.309648693,,535.6939697,4,22,1,6817,1643122816,1,5.079999924,5.079999924,0.819999993,0.74000001,1034.800049,1.340000033,1.820000052,287,0,1643097600,1643129344,0.75999999,0,,0.219999999,16093,0,338.5
6585128798,"26 Jan 2022, 15:46:23",Afternoon Run,Run,971,3.18,FALSE,,activities/6585128798.gpx,971,909,3185.110107,7.397997856,3.503971577,32.06285858,31.86289978,75.30000305,97.59999847,12.1495533,0.006279218,,254.739502,8,39,1,3241.699951,1643209216,1,7.260000229,4.510000229,2.349999905,0.709999979,1033,4.25,6.809999943,249,0,1643183872,1643215744,0.800000012,0,,0.07,16093,0,325.2000122
6599227638,"29 Jan 2022, 10:03:22",Mynydd Llangorse,Ride,12440,31.88,FALSE,Roscoe 8,activities/6599227638.gpx,12440,9953,31883.2207,12.53632832,3.203377962,736.9273682,736.927002,155.3000031,415.2000122,38.22052002,0,133.7550964,1484.358765,4,110,1,,1643450368,3,9.670000076,6.260000229,8.409999847,0.920000017,1028.699951,7.929999828,16.42000008,251,0,1643443072,1643475328,0.910000026,0,,0.930000007,16093,0,301.7000122
6620540318,"2 Feb 2022, 15:08:15",Afternoon Run,Run,2268,7.25,FALSE,,activities/6620540318.gpx,2268,2167,7251.319824,6.996000767,3.34624815,54.04674149,53.74670029,75.30000305,97.59999847,11.74068642,0.004137178,,575.2128906,6,57,1,7319.899902,1643814016,2,10.22999954,10.22999954,5.929999828,0.75,1023.599976,4.329999924,6.650000095,265,0,1643788032,1643821440,0.059999999,0,,0.600000024,16093,0,283.1000061
6645239991,"7 Feb 2022, 13:29:35",Afternoon Run,Run,3314,10.24,FALSE,,activities/6645239991.gpx,3314,3201,10244.05957,5.617999077,3.200268507,69.86505127,48.1651001,75.5,97.59999847,11.98737717,0.21183008,,813.65448,7,102,1,10354.2002,1644238848,2,9.270000458,6.590000153,6.179999828,0.810000002,1027.199951,5.21999979,9.760000229,238,0,1644219648,1644253952,0.230000004,0,,0.709999979,16093,1,320.6000061
6656293193,"9 Feb 2022, 15:31:01",Afternoon Run,Run,808,2.73,FALSE,,activities/6656293193.gpx,808,794,2736.030029,5.37400198,3.445881605,32.36346436,10.66349983,75.30000305,97.59999847,12.54704952,0.793119967,,221.9786377,7,25,1,2824.800049,1644418816,5,11.34000015,11.34000015,8.81000042,0.839999974,1022.599976,3.569999933,6.230000019,258,0.060600001,1644392192,1644427008,0.289999992,1,5,0.980000019,16093,0,318.5
6697552947,"17 Feb 2022, 15:30:10",Afternoon Ride,Ride,5991,20.91,FALSE,Roscoe 8,activities/6697552947.gpx,5991,4665,20914.90039,12,4.483365536,278.6795044,278.7799988,68.19999695,147.3000031,18.78775978,-0.000478128,134.6199951,700.2225342,8,200,1,,1645110016,2,10.23999977,10.23999977,3.980000019,0.649999976,1011.900024,9.699999809,15.80000019,263,0,1645082496,1645118976,0.540000021,0,,0.680000007,16093,1,308.5
6707164697,"19 Feb 2022, 16:18:30",Afternoon Run,Run,878,3.01,FALSE,,activities/6707164697.gpx,878,844,3016.280029,6.008008003,3.573791504,32.26300049,29.46299934,75.40000153,97.59999847,12.34566975,0.092829578,,241.6791687,9,42,1,3075.5,1645286400,8,8.5,4.199999809,6.71999979,0.889999986,1006.799988,10.09000015,18.31999969,266,0,1645255040,1645292032,0.610000014,0,,0.970000029,16093,0,436.2000122
6712701889,"20 Feb 2022, 16:05:18",Afternoon Activity,Workout,2400,0,FALSE,,,2400,2400,0,,0,,,,,,0,,,8,103,0,,,,,,,,,,,,,,,,,,,,,
6740707968,"26 Feb 2022, 10:12:40",The Gap,Ride,12671,33.78,FALSE,Roscoe 8,activities/6740707968.gpx,12671,10883,33779.66016,12.75292969,3.103892326,764.3911743,764.0910034,123.8000031,601.2999878,27.74489403,0.000888108,127.0902023,1542.179321,6,287,1,,1645869568,3,5.659999847,2.230000019,3.920000076,0.889999986,1027.099976,4.849999905,12.60000038,176,0,1645859200,1645897728,0.860000014,0,,0.910000026,16093,1,339.2999878
6747266002,"27 Feb 2022, 14:59:07",Afternoon Ride,Ride,3430,14.24,FALSE,Roscoe 8,activities/6747266002.gpx,3430,3120,14239.13965,12.48066044,4.563827038,186.1478424,186.2478485,68.09999847,147.8999939,14.86408043,-0.00070229,131.2971954,456.7566833,,,1,,1645970432,1,10.73999977,10.73999977,2.819999933,0.579999983,1021.099976,6.510000229,9.479999542,159,0,1645945216,1645984128,0.899999976,0,,0.280000001,16093,1,362.1000061
6776194585,"5 Mar 2022, 11:05:22",The Calf,Ride,7466,14.29,FALSE,Roscoe 8,activities/6776194585.gpx,7466,6094,14291.48047,10.96796894,2.345172405,723.3141479,723.3140259,131,676.9000244,46.99642944,0,175.1152649,1189.873169,7,194,1,,1646477952,2,5.03000021,1.179999948,1.75,0.790000021,1028.800049,5.440000057,9.289999962,17,0,1646463104,1646502912,0.109999999,0,,0.340000004,16093,1,366.6000061
6782794349,"6 Mar 2022, 09:33:48",Birdsall Blast 3,Ride,20025,31.48,FALSE,Roscoe 8,activities/6782794349.gpx,20025,14036,31488.75,12.62617207,2.243427515,717.4171753,732.8171997,78.09999847,239.3000031,33.5907135,-0.048906356,148.3377075,2321.505859,,,1,,1646557184,2,5.130000114,1.879999995,1.269999981,0.75999999,1032.699951,4.25,7.210000038,44,0,1646548864,1646589056,0.140000001,0,,0.49000001,16093,1,365.1000061
6787567397,"7 Mar 2022, 15:00:00",Afternoon Run,Run,1200,4,FALSE,,,1200,1200,4000,,3.333333254,42,,,,,0,,314.3282776,7,38,0,,,,,,,,,,,,,,,,,,,,,
135,,,,,,,,,,,,,,,,,,,,,,,,,,,,,,,,,,,,,,,,,,,,,
